"","XML_FileName","rwlfilename","errorThrown"
"1","noaa-tree-2660.xml","./data_files/treering/measurements/europe/turk033.rwl","missing values in 'row.names' are not allowed"
"2","noaa-tree-2665.xml","./data_files/treering/measurements/australia/newz052.rwl","missing value where TRUE/FALSE needed"
"3","noaa-tree-2666.xml","./data_files/treering/measurements/europe/swed312.rwl","missing values in 'row.names' are not allowed"
"4","noaa-tree-2673.xml","./data_files/treering/measurements/europe/brit008.rwl","missing value where TRUE/FALSE needed"
"5","noaa-tree-2676.xml","./data_files/treering/measurements/northamerica/usa/nc5.rwl","missing value where TRUE/FALSE needed"
"6","noaa-tree-2734.xml","./data_files/treering/measurements/europe/fran10.rwl",".SDcols is numeric but out of bounds [1, 1] at: [1]"
"7","noaa-tree-2758.xml","./data_files/treering/measurements/northamerica/mexico/mexi021.rwl","missing values in 'row.names' are not allowed"
"8","noaa-tree-2759.xml","./data_files/treering/measurements/europe/ital002.rwl",".SDcols is numeric but out of bounds [1, 1] at: [1]"
"9","noaa-tree-2926.xml","./data_files/treering/measurements/northamerica/canada/cana7rw.rwl","missing value where TRUE/FALSE needed"
"10","noaa-tree-2927.xml","./data_files/treering/measurements/northamerica/canada/cana8rw.rwl","missing value where TRUE/FALSE needed"
"11","noaa-tree-2928.xml","./data_files/treering/measurements/northamerica/usa/or081.rwl","missing values in 'row.names' are not allowed"
"12","noaa-tree-2944.xml","./data_files/treering/measurements/northamerica/usa/nm503.rwl",".SDcols is numeric but out of bounds [1, 1] at: [1]"
"13","noaa-tree-2946.xml","./data_files/treering/measurements/northamerica/usa/nm545.rwl",".SDcols is numeric but out of bounds [1, 1] at: [1]"
"14","noaa-tree-2961.xml","./data_files/treering/measurements/northamerica/usa/ct001.rwl","missing value where TRUE/FALSE needed"
"15","noaa-tree-2974.xml","./data_files/treering/measurements/northamerica/usa/wy026.rwl",".SDcols is numeric but out of bounds [1, 1] at: [1]"
"16","noaa-tree-3022.xml","./data_files/treering/measurements/northamerica/usa/ny010.rwl",".SDcols is numeric but out of bounds [1, 1] at: [1]"
"17","noaa-tree-3056.xml","./data_files/treering/measurements/northamerica/canada/cana160.rwl","missing values in 'row.names' are not allowed"
"18","noaa-tree-3122.xml","./data_files/treering/measurements/northamerica/usa/va024.rwl",".SDcols is numeric but out of bounds [1, 1] at: [1]"
"19","noaa-tree-3224.xml","./data_files/treering/measurements/northamerica/usa/ca513.rwl",".SDcols is numeric but out of bounds [1, 1] at: [1]"
"20","noaa-tree-3261.xml","./data_files/treering/measurements/northamerica/canada/cana100.rwl","missing value where TRUE/FALSE needed"
"21","noaa-tree-3269.xml","./data_files/treering/measurements/northamerica/canada/cana015.rwl",".SDcols is numeric but out of bounds [1, 1] at: [1]"
"22","noaa-tree-3300.xml","./data_files/treering/measurements/northamerica/usa/wa059.rwl","missing value where TRUE/FALSE needed"
"23","noaa-tree-3302.xml","./data_files/treering/measurements/northamerica/usa/wa053.rwl","missing value where TRUE/FALSE needed"
"24","noaa-tree-3304.xml","./data_files/treering/measurements/northamerica/usa/wa063.rwl","missing value where TRUE/FALSE needed"
"25","noaa-tree-3306.xml","./data_files/treering/measurements/northamerica/usa/mn023.rwl",".SDcols is numeric but out of bounds [1, 1] at: [1]"
"26","noaa-tree-3307.xml","./data_files/treering/measurements/northamerica/usa/wa049.rwl","missing value where TRUE/FALSE needed"
"27","noaa-tree-3311.xml","./data_files/treering/measurements/northamerica/usa/wa065.rwl","missing value where TRUE/FALSE needed"
"28","noaa-tree-3312.xml","./data_files/treering/measurements/northamerica/usa/wa048.rwl","missing value where TRUE/FALSE needed"
"29","noaa-tree-3313.xml","./data_files/treering/measurements/northamerica/usa/wa056.rwl","missing value where TRUE/FALSE needed"
"30","noaa-tree-3318.xml","./data_files/treering/measurements/northamerica/usa/wa052.rwl","missing value where TRUE/FALSE needed"
"31","noaa-tree-3323.xml","./data_files/treering/measurements/northamerica/usa/wa050.rwl","missing value where TRUE/FALSE needed"
"32","noaa-tree-3324.xml","./data_files/treering/measurements/northamerica/usa/wa060.rwl","missing value where TRUE/FALSE needed"
"33","noaa-tree-3326.xml","./data_files/treering/measurements/northamerica/usa/wa051.rwl","missing value where TRUE/FALSE needed"
"34","noaa-tree-3327.xml","./data_files/treering/measurements/northamerica/usa/wa057.rwl","missing value where TRUE/FALSE needed"
"35","noaa-tree-3330.xml","./data_files/treering/measurements/northamerica/usa/wa061.rwl","missing value where TRUE/FALSE needed"
"36","noaa-tree-3331.xml","./data_files/treering/measurements/northamerica/usa/wa055.rwl","missing value where TRUE/FALSE needed"
"37","noaa-tree-3332.xml","./data_files/treering/measurements/northamerica/usa/wa064.rwl","missing value where TRUE/FALSE needed"
"38","noaa-tree-3333.xml","./data_files/treering/measurements/northamerica/usa/wa062.rwl","missing value where TRUE/FALSE needed"
"39","noaa-tree-3334.xml","./data_files/treering/measurements/northamerica/usa/wa054.rwl","missing value where TRUE/FALSE needed"
"40","noaa-tree-3336.xml","./data_files/treering/measurements/northamerica/usa/wa066.rwl","missing value where TRUE/FALSE needed"
"41","noaa-tree-3337.xml","./data_files/treering/measurements/northamerica/usa/wa058.rwl","missing value where TRUE/FALSE needed"
"42","noaa-tree-3497.xml","./data_files/treering/measurements/northamerica/usa/md007l.rwl",".SDcols is numeric but out of bounds [1, 1] at: [1]"
"43","noaa-tree-3498.xml","./data_files/treering/measurements/northamerica/usa/md008.rwl",".SDcols is numeric but out of bounds [1, 1] at: [1]"
"44","noaa-tree-3588.xml","./data_files/treering/measurements/northamerica/usa/ak077.rwl","missing values in 'row.names' are not allowed"
"45","noaa-tree-3595.xml","./data_files/treering/measurements/northamerica/usa/ak075.rwl","missing values in 'row.names' are not allowed"
"46","noaa-tree-3609.xml","./data_files/treering/measurements/asia/mong003.rwl","missing values in 'row.names' are not allowed"
"47","noaa-tree-3622.xml","./data_files/treering/measurements/europe/neth019.rwl","missing value where TRUE/FALSE needed"
"48","noaa-tree-3623.xml","./data_files/treering/measurements/europe/neth002.rwl","missing value where TRUE/FALSE needed"
"49","noaa-tree-3624.xml","./data_files/treering/measurements/europe/neth003.rwl","missing value where TRUE/FALSE needed"
"50","noaa-tree-3625.xml","./data_files/treering/measurements/europe/neth004.rwl","missing value where TRUE/FALSE needed"
"51","noaa-tree-3626.xml","./data_files/treering/measurements/europe/neth005.rwl","missing value where TRUE/FALSE needed"
"52","noaa-tree-3628.xml","./data_files/treering/measurements/europe/neth007.rwl","missing value where TRUE/FALSE needed"
"53","noaa-tree-3629.xml","./data_files/treering/measurements/europe/neth008.rwl","missing value where TRUE/FALSE needed"
"54","noaa-tree-3630.xml","./data_files/treering/measurements/europe/neth014.rwl","missing value where TRUE/FALSE needed"
"55","noaa-tree-3631.xml","./data_files/treering/measurements/europe/neth015.rwl","missing value where TRUE/FALSE needed"
"56","noaa-tree-3632.xml","./data_files/treering/measurements/europe/neth018.rwl","missing value where TRUE/FALSE needed"
"57","noaa-tree-3633.xml","./data_files/treering/measurements/europe/neth016.rwl","missing value where TRUE/FALSE needed"
"58","noaa-tree-3634.xml","./data_files/treering/measurements/europe/neth009.rwl","missing value where TRUE/FALSE needed"
"59","noaa-tree-3635.xml","./data_files/treering/measurements/europe/neth017.rwl","missing value where TRUE/FALSE needed"
"60","noaa-tree-3636.xml","./data_files/treering/measurements/europe/neth010.rwl","missing value where TRUE/FALSE needed"
"61","noaa-tree-3637.xml","./data_files/treering/measurements/europe/neth001.rwl","missing value where TRUE/FALSE needed"
"62","noaa-tree-3638.xml","./data_files/treering/measurements/europe/neth013.rwl","missing value where TRUE/FALSE needed"
"63","noaa-tree-3639.xml","./data_files/treering/measurements/europe/neth012.rwl","missing value where TRUE/FALSE needed"
"64","noaa-tree-3640.xml","./data_files/treering/measurements/europe/neth011.rwl","missing value where TRUE/FALSE needed"
"65","noaa-tree-3706.xml","./data_files/treering/measurements/northamerica/usa/ak046.rwl","missing values in 'row.names' are not allowed"
"66","noaa-tree-3715.xml","./data_files/treering/measurements/northamerica/usa/mt111.rwl","missing values in 'row.names' are not allowed"
"67","noaa-tree-3716.xml","./data_files/treering/measurements/northamerica/usa/mt110.rwl","missing values in 'row.names' are not allowed"
"68","noaa-tree-3784.xml","./data_files/treering/measurements/asia/nepa027.rwl","missing value where TRUE/FALSE needed"
"69","noaa-tree-3815.xml","./data_files/treering/measurements/europe/cypr014.rwl",".SDcols is numeric but out of bounds [1, 1] at: [1]"
"70","noaa-tree-3868.xml","./data_files/treering/measurements/europe/swed303.rwl","missing value where TRUE/FALSE needed"
"71","noaa-tree-3879.xml","./data_files/treering/measurements/northamerica/usa/ak035.rwl","missing values in 'row.names' are not allowed"
"72","noaa-tree-3880.xml","./data_files/treering/measurements/northamerica/usa/ak079.rwl","missing values in 'row.names' are not allowed"
"73","noaa-tree-3881.xml","./data_files/treering/measurements/northamerica/usa/ak080.rwl","missing values in 'row.names' are not allowed"
"74","noaa-tree-3883.xml","./data_files/treering/measurements/northamerica/usa/ak082.rwl","missing values in 'row.names' are not allowed"
"75","noaa-tree-3886.xml","./data_files/treering/measurements/northamerica/usa/ak085.rwl","missing values in 'row.names' are not allowed"
"76","noaa-tree-3895.xml","./data_files/treering/measurements/northamerica/usa/ak043.rwl","missing values in 'row.names' are not allowed"
"77","noaa-tree-3906.xml","./data_files/treering/measurements/europe/neth031.rwl","missing value where TRUE/FALSE needed"
"78","noaa-tree-3907.xml","./data_files/treering/measurements/europe/neth020.rwl","missing value where TRUE/FALSE needed"
"79","noaa-tree-3908.xml","./data_files/treering/measurements/europe/neth021.rwl","missing value where TRUE/FALSE needed"
"80","noaa-tree-3912.xml","./data_files/treering/measurements/europe/neth025.rwl","missing value where TRUE/FALSE needed"
"81","noaa-tree-3913.xml","./data_files/treering/measurements/europe/neth026.rwl","missing value where TRUE/FALSE needed"
"82","noaa-tree-3914.xml","./data_files/treering/measurements/europe/neth028.rwl","missing value where TRUE/FALSE needed"
"83","noaa-tree-3915.xml","./data_files/treering/measurements/europe/neth029.rwl","missing value where TRUE/FALSE needed"
"84","noaa-tree-3916.xml","./data_files/treering/measurements/europe/neth030.rwl","missing value where TRUE/FALSE needed"
"85","noaa-tree-3917.xml","./data_files/treering/measurements/europe/neth033.rwl","missing value where TRUE/FALSE needed"
"86","noaa-tree-3918.xml","./data_files/treering/measurements/europe/neth032.rwl","missing value where TRUE/FALSE needed"
"87","noaa-tree-3919.xml","./data_files/treering/measurements/europe/neth034.rwl","missing value where TRUE/FALSE needed"
"88","noaa-tree-4046.xml","./data_files/treering/measurements/australia/newz041.rwl","missing value where TRUE/FALSE needed"
"89","noaa-tree-4047.xml","./data_files/treering/measurements/australia/newz044.rwl","missing value where TRUE/FALSE needed"
"90","noaa-tree-4048.xml","./data_files/treering/measurements/australia/newz040.rwl","missing value where TRUE/FALSE needed"
"91","noaa-tree-4049.xml","./data_files/treering/measurements/australia/newz039.rwl","missing value where TRUE/FALSE needed"
"92","noaa-tree-4050.xml","./data_files/treering/measurements/australia/newz038.rwl","missing value where TRUE/FALSE needed"
"93","noaa-tree-4051.xml","./data_files/treering/measurements/australia/newz045.rwl","missing value where TRUE/FALSE needed"
"94","noaa-tree-4052.xml","./data_files/treering/measurements/australia/newz046.rwl","missing value where TRUE/FALSE needed"
"95","noaa-tree-4053.xml","./data_files/treering/measurements/australia/newz037.rwl","missing value where TRUE/FALSE needed"
"96","noaa-tree-4054.xml","./data_files/treering/measurements/australia/newz036.rwl","missing value where TRUE/FALSE needed"
"97","noaa-tree-4055.xml","./data_files/treering/measurements/australia/newz024.rwl","missing value where TRUE/FALSE needed"
"98","noaa-tree-4056.xml","./data_files/treering/measurements/australia/newz048.rwl","missing value where TRUE/FALSE needed"
"99","noaa-tree-4057.xml","./data_files/treering/measurements/australia/newz051.rwl","missing value where TRUE/FALSE needed"
"100","noaa-tree-4058.xml","./data_files/treering/measurements/australia/newz049.rwl","missing value where TRUE/FALSE needed"
"101","noaa-tree-4059.xml","./data_files/treering/measurements/australia/newz034.rwl","missing value where TRUE/FALSE needed"
"102","noaa-tree-4060.xml","./data_files/treering/measurements/australia/newz042.rwl","missing value where TRUE/FALSE needed"
"103","noaa-tree-4061.xml","./data_files/treering/measurements/australia/newz028.rwl","missing value where TRUE/FALSE needed"
"104","noaa-tree-4062.xml","./data_files/treering/measurements/australia/newz047.rwl","missing value where TRUE/FALSE needed"
"105","noaa-tree-4063.xml","./data_files/treering/measurements/australia/newz027.rwl","missing value where TRUE/FALSE needed"
"106","noaa-tree-4064.xml","./data_files/treering/measurements/australia/newz026.rwl","missing value where TRUE/FALSE needed"
"107","noaa-tree-4065.xml","./data_files/treering/measurements/australia/newz025.rwl","missing value where TRUE/FALSE needed"
"108","noaa-tree-4066.xml","./data_files/treering/measurements/australia/newz035.rwl","missing value where TRUE/FALSE needed"
"109","noaa-tree-4067.xml","./data_files/treering/measurements/australia/newz023.rwl","missing value where TRUE/FALSE needed"
"110","noaa-tree-4068.xml","./data_files/treering/measurements/australia/newz050.rwl","missing value where TRUE/FALSE needed"
"111","noaa-tree-4069.xml","./data_files/treering/measurements/australia/newz043.rwl","missing value where TRUE/FALSE needed"
"112","noaa-tree-4070.xml","./data_files/treering/measurements/australia/newz030.rwl","missing value where TRUE/FALSE needed"
"113","noaa-tree-4071.xml","./data_files/treering/measurements/australia/newz032.rwl","missing value where TRUE/FALSE needed"
"114","noaa-tree-4072.xml","./data_files/treering/measurements/australia/newz031.rwl","missing value where TRUE/FALSE needed"
"115","noaa-tree-4073.xml","./data_files/treering/measurements/australia/newz055.rwl","missing value where TRUE/FALSE needed"
"116","noaa-tree-4074.xml","./data_files/treering/measurements/australia/newz033.rwl","missing value where TRUE/FALSE needed"
"117","noaa-tree-4075.xml","./data_files/treering/measurements/australia/newz054.rwl","missing value where TRUE/FALSE needed"
"118","noaa-tree-4076.xml","./data_files/treering/measurements/australia/newz053.rwl","missing value where TRUE/FALSE needed"
"119","noaa-tree-4173.xml","./data_files/treering/measurements/northamerica/usa/ca536.rwl",".SDcols is numeric but out of bounds [1, 1] at: [1]"
"120","noaa-tree-4174.xml","./data_files/treering/measurements/northamerica/usa/ca537.rwl",".SDcols is numeric but out of bounds [1, 1] at: [1]"
"121","noaa-tree-4175.xml","./data_files/treering/measurements/northamerica/usa/ca538.rwl",".SDcols is numeric but out of bounds [1, 1] at: [1]"
"122","noaa-tree-4176.xml","./data_files/treering/measurements/northamerica/usa/ca539.rwl",".SDcols is numeric but out of bounds [1, 1] at: [1]"
"123","noaa-tree-4177.xml","./data_files/treering/measurements/northamerica/usa/ca540.rwl",".SDcols is numeric but out of bounds [1, 1] at: [1]"
"124","noaa-tree-4178.xml","./data_files/treering/measurements/northamerica/usa/ca541.rwl",".SDcols is numeric but out of bounds [1, 1] at: [1]"
"125","noaa-tree-4179.xml","./data_files/treering/measurements/northamerica/usa/ca542.rwl",".SDcols is numeric but out of bounds [1, 1] at: [1]"
"126","noaa-tree-4180.xml","./data_files/treering/measurements/northamerica/usa/ca543.rwl",".SDcols is numeric but out of bounds [1, 1] at: [1]"
"127","noaa-tree-4181.xml","./data_files/treering/measurements/northamerica/usa/ca544.rwl",".SDcols is numeric but out of bounds [1, 1] at: [1]"
"128","noaa-tree-4182.xml","./data_files/treering/measurements/northamerica/usa/ca545.rwl",".SDcols is numeric but out of bounds [1, 1] at: [1]"
"129","noaa-tree-4183.xml","./data_files/treering/measurements/northamerica/usa/ca546.rwl",".SDcols is numeric but out of bounds [1, 1] at: [1]"
"130","noaa-tree-4184.xml","./data_files/treering/measurements/northamerica/usa/ca547.rwl",".SDcols is numeric but out of bounds [1, 1] at: [1]"
"131","noaa-tree-4185.xml","./data_files/treering/measurements/northamerica/usa/ca548.rwl",".SDcols is numeric but out of bounds [1, 1] at: [1]"
"132","noaa-tree-4186.xml","./data_files/treering/measurements/northamerica/usa/ca549.rwl",".SDcols is numeric but out of bounds [1, 1] at: [1]"
"133","noaa-tree-4187.xml","./data_files/treering/measurements/northamerica/usa/ca550.rwl",".SDcols is numeric but out of bounds [1, 1] at: [1]"
"134","noaa-tree-4188.xml","./data_files/treering/measurements/northamerica/usa/ca551.rwl",".SDcols is numeric but out of bounds [1, 1] at: [1]"
"135","noaa-tree-4189.xml","./data_files/treering/measurements/northamerica/usa/ca552.rwl",".SDcols is numeric but out of bounds [1, 1] at: [1]"
"136","noaa-tree-4190.xml","./data_files/treering/measurements/northamerica/usa/ca553.rwl",".SDcols is numeric but out of bounds [1, 1] at: [1]"
"137","noaa-tree-4191.xml","./data_files/treering/measurements/northamerica/usa/ca554.rwl",".SDcols is numeric but out of bounds [1, 1] at: [1]"
"138","noaa-tree-4205.xml","./data_files/treering/measurements/europe/brit001.rwl","missing value where TRUE/FALSE needed"
"139","noaa-tree-4207.xml","./data_files/treering/measurements/europe/brit002.rwl","missing value where TRUE/FALSE needed"
"140","noaa-tree-4208.xml","./data_files/treering/measurements/europe/brit011.rwl","missing value where TRUE/FALSE needed"
"141","noaa-tree-4209.xml","./data_files/treering/measurements/europe/brit027.rwl",".SDcols is numeric but out of bounds [1, 1] at: [1]"
"142","noaa-tree-4210.xml","./data_files/treering/measurements/europe/brit003.rwl","missing value where TRUE/FALSE needed"
"143","noaa-tree-4211.xml","./data_files/treering/measurements/europe/fran001.rwl","missing value where TRUE/FALSE needed"
"144","noaa-tree-4212.xml","./data_files/treering/measurements/europe/brit004.rwl","missing value where TRUE/FALSE needed"
"145","noaa-tree-4213.xml","./data_files/treering/measurements/europe/fran003.rwl","missing value where TRUE/FALSE needed"
"146","noaa-tree-4214.xml","./data_files/treering/measurements/europe/fran002.rwl","missing value where TRUE/FALSE needed"
"147","noaa-tree-4215.xml","./data_files/treering/measurements/europe/fran004.rwl","missing value where TRUE/FALSE needed"
"148","noaa-tree-4216.xml","./data_files/treering/measurements/europe/fran005.rwl","missing value where TRUE/FALSE needed"
"149","noaa-tree-4217.xml","./data_files/treering/measurements/europe/fran007.rwl","missing value where TRUE/FALSE needed"
"150","noaa-tree-4218.xml","./data_files/treering/measurements/europe/brit006.rwl","missing value where TRUE/FALSE needed"
"151","noaa-tree-4219.xml","./data_files/treering/measurements/europe/brit005.rwl","missing value where TRUE/FALSE needed"
"152","noaa-tree-4220.xml","./data_files/treering/measurements/europe/brit007.rwl","missing value where TRUE/FALSE needed"
"153","noaa-tree-4221.xml","./data_files/treering/measurements/europe/brit009.rwl","missing value where TRUE/FALSE needed"
"154","noaa-tree-4222.xml","./data_files/treering/measurements/europe/brit010.rwl","missing value where TRUE/FALSE needed"
"155","noaa-tree-4223.xml","./data_files/treering/measurements/europe/brit4.rwl","missing value where TRUE/FALSE needed"
"156","noaa-tree-4227.xml","./data_files/treering/measurements/europe/brit013.rwl","missing value where TRUE/FALSE needed"
"157","noaa-tree-4229.xml","./data_files/treering/measurements/northamerica/usa/va006.rwl","missing value where TRUE/FALSE needed"
"158","noaa-tree-4283.xml","./data_files/treering/measurements/europe/czec001.rwl","missing value where TRUE/FALSE needed"
"159","noaa-tree-4284.xml","./data_files/treering/measurements/europe/czec002.rwl","missing value where TRUE/FALSE needed"
"160","noaa-tree-4326.xml","./data_files/treering/measurements/asia/russ020x.rwl",".SDcols is numeric but out of bounds [1, 1] at: [1]"
"161","noaa-tree-4368.xml","./data_files/treering/measurements/northamerica/canada/cana085.rwl","missing value where TRUE/FALSE needed"
"162","noaa-tree-4402.xml","./data_files/treering/measurements/europe/swed013.rwl",".SDcols is numeric but out of bounds [1, 1] at: [1]"
"163","noaa-tree-4426.xml","./data_files/treering/measurements/northamerica/canada/cana086.rwl","missing value where TRUE/FALSE needed"
"164","noaa-tree-4441.xml","./data_files/treering/measurements/europe/finl017.rwl",".SDcols is numeric but out of bounds [1, 1] at: [1]"
"165","noaa-tree-4456.xml","./data_files/treering/measurements/northamerica/canada/cana083.rwl","missing value where TRUE/FALSE needed"
"166","noaa-tree-4472.xml","./data_files/treering/measurements/europe/finl015.rwl",".SDcols is numeric but out of bounds [1, 1] at: [1]"
"167","noaa-tree-4478.xml","./data_files/treering/measurements/europe/finl013.rwl",".SDcols is numeric but out of bounds [1, 1] at: [1]"
"168","noaa-tree-4490.xml","./data_files/treering/measurements/europe/finl012.rwl",".SDcols is numeric but out of bounds [1, 1] at: [1]"
"169","noaa-tree-4497.xml","./data_files/treering/measurements/northamerica/canada/cana054.rwl","missing value where TRUE/FALSE needed"
"170","noaa-tree-4502.xml","./data_files/treering/measurements/europe/swit177x.rwl","missing value where TRUE/FALSE needed"
"171","noaa-tree-4551.xml","./data_files/treering/measurements/europe/norw003.rwl",".SDcols is numeric but out of bounds [1, 1] at: [1]"
"172","noaa-tree-4553.xml","./data_files/treering/measurements/northamerica/canada/cana090.rwl","missing value where TRUE/FALSE needed"
"173","noaa-tree-4584.xml","./data_files/treering/measurements/northamerica/canada/cana097.rwl","missing value where TRUE/FALSE needed"
"174","noaa-tree-4590.xml","./data_files/treering/measurements/northamerica/canada/cana092.rwl","missing value where TRUE/FALSE needed"
"175","noaa-tree-4688.xml","./data_files/treering/measurements/europe/swed015.rwl",".SDcols is numeric but out of bounds [1, 1] at: [1]"
"176","noaa-tree-4754.xml","./data_files/treering/measurements/europe/fran7.rwl","missing value where TRUE/FALSE needed"
"177","noaa-tree-4764.xml","./data_files/treering/measurements/asia/russ001.rwl",".SDcols is numeric but out of bounds [1, 1] at: [1]"
"178","noaa-tree-4794.xml","./data_files/treering/measurements/northamerica/canada/cana176.rwl","missing value where TRUE/FALSE needed"
"179","noaa-tree-4807.xml","./data_files/treering/measurements/northamerica/usa/mo037.rwl","missing value where TRUE/FALSE needed"
"180","noaa-tree-4808.xml","./data_files/treering/measurements/northamerica/usa/ga002.rwl","missing value where TRUE/FALSE needed"
"181","noaa-tree-4811.xml","./data_files/treering/measurements/northamerica/usa/ar049.rwl","missing value where TRUE/FALSE needed"
"182","noaa-tree-4812.xml","./data_files/treering/measurements/northamerica/usa/ar042.rwl","missing value where TRUE/FALSE needed"
"183","noaa-tree-4813.xml","./data_files/treering/measurements/northamerica/usa/la001.rwl","missing value where TRUE/FALSE needed"
"184","noaa-tree-4814.xml","./data_files/treering/measurements/northamerica/usa/nc008.rwl","missing value where TRUE/FALSE needed"
"185","noaa-tree-4816.xml","./data_files/treering/measurements/northamerica/usa/ar018.rwl","missing value where TRUE/FALSE needed"
"186","noaa-tree-4818.xml","./data_files/treering/measurements/northamerica/usa/ok004.rwl","missing value where TRUE/FALSE needed"
"187","noaa-tree-4821.xml","./data_files/treering/measurements/northamerica/usa/il016.rwl","missing value where TRUE/FALSE needed"
"188","noaa-tree-4822.xml","./data_files/treering/measurements/northamerica/usa/ok013.rwl","missing value where TRUE/FALSE needed"
"189","noaa-tree-4823.xml","./data_files/treering/measurements/northamerica/usa/tx030.rwl","missing value where TRUE/FALSE needed"
"190","noaa-tree-4829.xml","./data_files/treering/measurements/northamerica/usa/va022.rwl","argument is of length zero"
"191","noaa-tree-4839.xml","./data_files/treering/measurements/northamerica/usa/va023.rwl","missing value where TRUE/FALSE needed"
"192","noaa-tree-4845.xml","./data_files/treering/measurements/northamerica/usa/ar048.rwl","missing value where TRUE/FALSE needed"
"193","noaa-tree-4850.xml","./data_files/treering/measurements/northamerica/usa/ks010.rwl","missing value where TRUE/FALSE needed"
"194","noaa-tree-4852.xml","./data_files/treering/measurements/northamerica/usa/ks007.rwl","missing value where TRUE/FALSE needed"
"195","noaa-tree-4858.xml","./data_files/treering/measurements/northamerica/usa/tx006.rwl","missing value where TRUE/FALSE needed"
"196","noaa-tree-4860.xml","./data_files/treering/measurements/northamerica/usa/ar039.rwl","missing value where TRUE/FALSE needed"
"197","noaa-tree-4862.xml","./data_files/treering/measurements/northamerica/usa/mo027.rwl","missing value where TRUE/FALSE needed"
"198","noaa-tree-4866.xml","./data_files/treering/measurements/northamerica/usa/ar030.rwl","missing value where TRUE/FALSE needed"
"199","noaa-tree-4876.xml","./data_files/treering/measurements/northamerica/usa/ok016.rwl","missing value where TRUE/FALSE needed"
"200","noaa-tree-4880.xml","./data_files/treering/measurements/northamerica/usa/nc009.rwl","missing value where TRUE/FALSE needed"
"201","noaa-tree-4883.xml","./data_files/treering/measurements/northamerica/usa/tx012.rwl","missing value where TRUE/FALSE needed"
"202","noaa-tree-4884.xml","./data_files/treering/measurements/northamerica/usa/ar036.rwl","missing value where TRUE/FALSE needed"
"203","noaa-tree-4885.xml","./data_files/treering/measurements/northamerica/usa/mo021.rwl","missing value where TRUE/FALSE needed"
"204","noaa-tree-4886.xml","./data_files/treering/measurements/northamerica/usa/ar051.rwl","missing value where TRUE/FALSE needed"
"205","noaa-tree-4895.xml","./data_files/treering/measurements/northamerica/usa/ar052.rwl","missing value where TRUE/FALSE needed"
"206","noaa-tree-4896.xml","./data_files/treering/measurements/northamerica/usa/ks001.rwl","missing value where TRUE/FALSE needed"
"207","noaa-tree-4898.xml","./data_files/treering/measurements/northamerica/usa/ok019.rwl","missing value where TRUE/FALSE needed"
"208","noaa-tree-4902.xml","./data_files/treering/measurements/northamerica/usa/ar053.rwl","missing value where TRUE/FALSE needed"
"209","noaa-tree-4907.xml","./data_files/treering/measurements/northamerica/usa/ok001.rwl","missing value where TRUE/FALSE needed"
"210","noaa-tree-4911.xml","./data_files/treering/measurements/northamerica/usa/ok010.rwl","missing value where TRUE/FALSE needed"
"211","noaa-tree-4913.xml","./data_files/treering/measurements/northamerica/usa/ga004.rwl","missing value where TRUE/FALSE needed"
"212","noaa-tree-4919.xml","./data_files/treering/measurements/northamerica/usa/ms001.rwl","missing value where TRUE/FALSE needed"
"213","noaa-tree-4920.xml","./data_files/treering/measurements/northamerica/usa/tx003.rwl","missing value where TRUE/FALSE needed"
"214","noaa-tree-4923.xml","./data_files/treering/measurements/northamerica/usa/mo030.rwl","missing value where TRUE/FALSE needed"
"215","noaa-tree-4927.xml","./data_files/treering/measurements/northamerica/usa/ok028.rwl","missing value where TRUE/FALSE needed"
"216","noaa-tree-4931.xml","./data_files/treering/measurements/northamerica/usa/tx024.rwl","missing value where TRUE/FALSE needed"
"217","noaa-tree-4932.xml","./data_files/treering/measurements/northamerica/usa/tn010.rwl","missing value where TRUE/FALSE needed"
"218","noaa-tree-4937.xml","./data_files/treering/measurements/northamerica/usa/ar033.rwl","missing value where TRUE/FALSE needed"
"219","noaa-tree-4938.xml","./data_files/treering/measurements/northamerica/usa/mo018.rwl","missing value where TRUE/FALSE needed"
"220","noaa-tree-4939.xml","./data_files/treering/measurements/northamerica/usa/mo036.rwl","missing value where TRUE/FALSE needed"
"221","noaa-tree-4941.xml","./data_files/treering/measurements/northamerica/usa/tx015.rwl","missing value where TRUE/FALSE needed"
"222","noaa-tree-4946.xml","./data_files/treering/measurements/northamerica/usa/ar021.rwl","missing value where TRUE/FALSE needed"
"223","noaa-tree-4949.xml","./data_files/treering/measurements/northamerica/usa/ks004.rwl","missing value where TRUE/FALSE needed"
"224","noaa-tree-4953.xml","./data_files/treering/measurements/northamerica/usa/ar024.rwl","missing value where TRUE/FALSE needed"
"225","noaa-tree-4954.xml","./data_files/treering/measurements/northamerica/usa/mo015.rwl","missing value where TRUE/FALSE needed"
"226","noaa-tree-4956.xml","./data_files/treering/measurements/northamerica/usa/tx021.rwl","missing value where TRUE/FALSE needed"
"227","noaa-tree-4957.xml","./data_files/treering/measurements/northamerica/usa/tx036.rwl","missing value where TRUE/FALSE needed"
"228","noaa-tree-4964.xml","./data_files/treering/measurements/northamerica/canada/cana105.rwl","missing value where TRUE/FALSE needed"
"229","noaa-tree-4967.xml","./data_files/treering/measurements/northamerica/canada/cana101.rwl","missing value where TRUE/FALSE needed"
"230","noaa-tree-4989.xml","./data_files/treering/measurements/northamerica/canada/cana102.rwl","missing value where TRUE/FALSE needed"
"231","noaa-tree-5105.xml","./data_files/treering/measurements/europe/fran5.rwl","missing value where TRUE/FALSE needed"
"232","noaa-tree-5110.xml","./data_files/treering/measurements/europe/fran4.rwl","missing value where TRUE/FALSE needed"
"233","noaa-tree-5111.xml","./data_files/treering/measurements/europe/fran8.rwl","missing value where TRUE/FALSE needed"
"234","noaa-tree-5112.xml","./data_files/treering/measurements/europe/fran9.rwl","missing value where TRUE/FALSE needed"
"235","noaa-tree-5113.xml","./data_files/treering/measurements/europe/fran6.rwl","missing value where TRUE/FALSE needed"
"236","noaa-tree-5114.xml","./data_files/treering/measurements/europe/fran2.rwl","missing value where TRUE/FALSE needed"
"237","noaa-tree-5166.xml","./data_files/treering/measurements/southamerica/arge092.rwl","missing values in 'row.names' are not allowed"
"238","noaa-tree-5186.xml","./data_files/treering/measurements/southamerica/arge087.rwl","missing value where TRUE/FALSE needed"
"239","noaa-tree-5202.xml","./data_files/treering/measurements/europe/lith006.rwl",".SDcols is numeric but out of bounds [1, 1] at: [1]"
"240","noaa-tree-5203.xml","./data_files/treering/measurements/europe/lith007.rwl",".SDcols is numeric but out of bounds [1, 1] at: [1]"
"241","noaa-tree-5242.xml","./data_files/treering/measurements/northamerica/usa/ak017.rwl",".SDcols is numeric but out of bounds [1, 1] at: [1]"
"242","noaa-tree-5243.xml","./data_files/treering/measurements/northamerica/usa/ak018.rwl",".SDcols is numeric but out of bounds [1, 1] at: [1]"
"243","noaa-tree-5254.xml","./data_files/treering/measurements/northamerica/usa/ak054.rwl","missing values in 'row.names' are not allowed"
"244","noaa-tree-5255.xml","./data_files/treering/measurements/northamerica/usa/ak048.rwl","missing values in 'row.names' are not allowed"
"245","noaa-tree-5257.xml","./data_files/treering/measurements/northamerica/usa/ak052.rwl","missing values in 'row.names' are not allowed"
"246","noaa-tree-5258.xml","./data_files/treering/measurements/northamerica/usa/ak049.rwl","missing values in 'row.names' are not allowed"
"247","noaa-tree-5259.xml","./data_files/treering/measurements/northamerica/usa/ak050.rwl","missing values in 'row.names' are not allowed"
"248","noaa-tree-5260.xml","./data_files/treering/measurements/northamerica/usa/ak051.rwl","missing values in 'row.names' are not allowed"
"249","noaa-tree-5261.xml","./data_files/treering/measurements/northamerica/usa/ak056.rwl","missing values in 'row.names' are not allowed"
"250","noaa-tree-5346.xml","./data_files/treering/measurements/northamerica/usa/co566.rwl","missing value where TRUE/FALSE needed"
"251","noaa-tree-5361.xml","./data_files/treering/measurements/australia/newz059.rwl","missing values in 'row.names' are not allowed"
"252","noaa-tree-5366.xml","./data_files/treering/measurements/australia/newz074.rwl","missing values in 'row.names' are not allowed"
"253","noaa-tree-5377.xml","./data_files/treering/measurements/australia/newz063.rwl","missing values in 'row.names' are not allowed"
"254","noaa-tree-5378.xml","./data_files/treering/measurements/australia/newz075.rwl","missing values in 'row.names' are not allowed"
"255","noaa-tree-6144.xml","./data_files/treering/measurements/northamerica/canada/cana272.rwl","missing values in 'row.names' are not allowed"
"256","noaa-tree-8496.xml","./data_files/treering/measurements/europe/swit190.rwl",".SDcols is numeric but out of bounds [1, 1] at: [1]"
"257","noaa-tree-8498.xml","./data_files/treering/measurements/europe/swit192.rwl",".SDcols is numeric but out of bounds [1, 1] at: [1]"
"258","noaa-tree-8524.xml","./data_files/treering/measurements/northamerica/canada/cana275.rwl","missing values in 'row.names' are not allowed"
"259","noaa-tree-8530.xml","./data_files/treering/measurements/northamerica/usa/wv004.rwl","missing values in 'row.names' are not allowed"
"260","noaa-tree-10712.xml","./data_files/treering/measurements/asia/kyrg001.rwl","missing values in 'row.names' are not allowed"
"261","noaa-tree-10713.xml","./data_files/treering/measurements/asia/kyrg002.rwl","missing values in 'row.names' are not allowed"
"262","noaa-tree-10714.xml","./data_files/treering/measurements/asia/paki001.rwl","missing values in 'row.names' are not allowed"
"263","noaa-tree-10715.xml","./data_files/treering/measurements/asia/paki002.rwl","missing values in 'row.names' are not allowed"
"264","noaa-tree-10716.xml","./data_files/treering/measurements/asia/paki003.rwl","missing values in 'row.names' are not allowed"
"265","noaa-tree-10717.xml","./data_files/treering/measurements/asia/paki004.rwl","missing values in 'row.names' are not allowed"
"266","noaa-tree-10778.xml","./data_files/treering/measurements/europe/swit207.rwl",".SDcols is numeric but out of bounds [1, 1] at: [1]"
"267","noaa-tree-12467.xml","./data_files/treering/measurements/northamerica/usa/ak109.rwl","missing values in 'row.names' are not allowed"
"268","noaa-tree-12484.xml","./data_files/treering/measurements/asia/bt001.rwl","missing values in 'row.names' are not allowed"
"269","noaa-tree-12485.xml","./data_files/treering/measurements/asia/bt002.rwl","missing values in 'row.names' are not allowed"
"270","noaa-tree-12489.xml","./data_files/treering/measurements/asia/bt006.rwl","missing values in 'row.names' are not allowed"
"271","noaa-tree-12546.xml","./data_files/treering/measurements/asia/bt007.rwl","missing values in 'row.names' are not allowed"
"272","noaa-tree-12549.xml","./data_files/treering/measurements/asia/bt010.rwl","missing values in 'row.names' are not allowed"
"273","noaa-tree-12551.xml","./data_files/treering/measurements/asia/bt012.rwl","missing values in 'row.names' are not allowed"
"274","noaa-tree-12552.xml","./data_files/treering/measurements/asia/bt013.rwl","missing values in 'row.names' are not allowed"
"275","noaa-tree-12555.xml","./data_files/treering/measurements/asia/bt016.rwl","missing values in 'row.names' are not allowed"
"276","noaa-tree-12557.xml","./data_files/treering/measurements/asia/bt018.rwl","missing values in 'row.names' are not allowed"
"277","noaa-tree-12558.xml","./data_files/treering/measurements/asia/bt019.rwl","missing values in 'row.names' are not allowed"
"278","noaa-tree-12567.xml","./data_files/treering/measurements/northamerica/canada/cana312.rwl","missing values in 'row.names' are not allowed"
"279","noaa-tree-12575.xml","./data_files/treering/measurements/northamerica/canada/cana319.rwl","missing values in 'row.names' are not allowed"
"280","noaa-tree-12632.xml","./data_files/treering/measurements/asia/ls001.rwl","missing values in 'row.names' are not allowed"
"281","noaa-tree-12633.xml","./data_files/treering/measurements/asia/ls002.rwl","missing values in 'row.names' are not allowed"
"282","noaa-tree-12649.xml","./data_files/treering/measurements/asia/th006.rwl","missing values in 'row.names' are not allowed"
"283","noaa-tree-12694.xml","./data_files/treering/measurements/asia/russ220.rwl","missing value where TRUE/FALSE needed"
"284","noaa-tree-12699.xml","./data_files/treering/measurements/northamerica/usa/mt122.rwl","missing values in 'row.names' are not allowed"
"285","noaa-tree-12701.xml","./data_files/treering/measurements/northamerica/usa/mt124.rwl","missing values in 'row.names' are not allowed"
"286","noaa-tree-12756.xml","./data_files/treering/measurements/northamerica/usa/wy040.rwl","missing values in 'row.names' are not allowed"
"287","noaa-tree-12762.xml","./data_files/treering/measurements/asia/kyrg003.rwl","missing values in 'row.names' are not allowed"
"288","noaa-tree-12763.xml","./data_files/treering/measurements/asia/kyrg004.rwl","missing values in 'row.names' are not allowed"
"289","noaa-tree-12764.xml","./data_files/treering/measurements/asia/kyrg005.rwl","missing values in 'row.names' are not allowed"
"290","noaa-tree-12765.xml","./data_files/treering/measurements/asia/kyrg007.rwl","missing values in 'row.names' are not allowed"
"291","noaa-tree-12766.xml","./data_files/treering/measurements/asia/paki005.rwl","missing values in 'row.names' are not allowed"
"292","noaa-tree-12767.xml","./data_files/treering/measurements/asia/paki006.rwl","missing values in 'row.names' are not allowed"
"293","noaa-tree-12768.xml","./data_files/treering/measurements/asia/paki007.rwl","missing values in 'row.names' are not allowed"
"294","noaa-tree-12781.xml","./data_files/treering/measurements/asia/paki008.rwl","missing values in 'row.names' are not allowed"
"295","noaa-tree-12782.xml","./data_files/treering/measurements/asia/paki009.rwl","missing values in 'row.names' are not allowed"
"296","noaa-tree-12783.xml","./data_files/treering/measurements/asia/paki010.rwl","missing values in 'row.names' are not allowed"
"297","noaa-tree-12784.xml","./data_files/treering/measurements/asia/paki011.rwl","missing values in 'row.names' are not allowed"
"298","noaa-tree-12785.xml","./data_files/treering/measurements/asia/paki012.rwl","missing values in 'row.names' are not allowed"
"299","noaa-tree-12787.xml","./data_files/treering/measurements/asia/paki014.rwl","missing values in 'row.names' are not allowed"
"300","noaa-tree-12788.xml","./data_files/treering/measurements/asia/paki015.rwl","missing values in 'row.names' are not allowed"
"301","noaa-tree-12789.xml","./data_files/treering/measurements/asia/paki016.rwl","missing values in 'row.names' are not allowed"
"302","noaa-tree-13704.xml","./data_files/treering/measurements/northamerica/usa/ak111.rwl","missing values in 'row.names' are not allowed"
"303","noaa-tree-13706.xml","./data_files/treering/measurements/northamerica/usa/ak113.rwl","missing values in 'row.names' are not allowed"
"304","noaa-tree-13709.xml","./data_files/treering/measurements/northamerica/usa/ak116.rwl","missing values in 'row.names' are not allowed"
"305","noaa-tree-13755.xml","./data_files/treering/measurements/northamerica/canada/cana323.rwl","missing values in 'row.names' are not allowed"
"306","noaa-tree-13789.xml","./data_files/treering/measurements/europe/finl069.rwl","missing values in 'row.names' are not allowed"
"307","noaa-tree-13790.xml","./data_files/treering/measurements/europe/finl070.rwl","missing values in 'row.names' are not allowed"
"308","noaa-tree-13791.xml","./data_files/treering/measurements/europe/finl071.rwl","missing values in 'row.names' are not allowed"
"309","noaa-tree-13792.xml","./data_files/treering/measurements/europe/finl072.rwl","missing values in 'row.names' are not allowed"
"310","noaa-tree-13793.xml","./data_files/treering/measurements/europe/finl073.rwl","missing values in 'row.names' are not allowed"
"311","noaa-tree-13794.xml","./data_files/treering/measurements/europe/finl074.rwl","missing values in 'row.names' are not allowed"
"312","noaa-tree-13879.xml","./data_files/treering/measurements/northamerica/usa/id015.rwl","missing values in 'row.names' are not allowed"
"313","noaa-tree-13912.xml","./data_files/treering/measurements/australia/newz097.rwl",".SDcols is numeric but out of bounds [1, 1] at: [1]"
"314","noaa-tree-13939.xml","./data_files/treering/measurements/australia/newz112.rwl",".SDcols is numeric but out of bounds [1, 1] at: [1]"
"315","noaa-tree-14028.xml","./data_files/treering/measurements/europe/swed330.rwl","missing values in 'row.names' are not allowed"
"316","noaa-tree-14029.xml","./data_files/treering/measurements/europe/swed331.rwl","missing values in 'row.names' are not allowed"
"317","noaa-tree-14030.xml","./data_files/treering/measurements/europe/swed332.rwl","missing values in 'row.names' are not allowed"
"318","noaa-tree-14031.xml","./data_files/treering/measurements/europe/swed333.rwl","missing values in 'row.names' are not allowed"
"319","noaa-tree-14065.xml","./data_files/treering/measurements/europe/swit245.rwl",".SDcols is numeric but out of bounds [1, 1] at: [1]"
"320","noaa-tree-14097.xml","./data_files/treering/measurements/europe/swit261.rwl",".SDcols is numeric but out of bounds [1, 1] at: [1]"
"321","noaa-tree-14098.xml","./data_files/treering/measurements/europe/swit262.rwl",".SDcols is numeric but out of bounds [1, 1] at: [1]"
"322","noaa-tree-14813.xml","./data_files/treering/measurements/northamerica/usa/ak136.rwl","missing values in 'row.names' are not allowed"
"323","noaa-tree-15154.xml","./data_files/treering/measurements/asia/chin062.rwl","missing values in 'row.names' are not allowed"
"324","noaa-tree-15249.xml","./data_files/treering/measurements/asia/kyrg014.rwl","In ./data_files/treering/measurements/asia/kyrg014.rwl, different precision flags on the same corekok3a"
"325","noaa-tree-15325.xml","./data_files/treering/measurements/asia/paki030.rwl",".SDcols is numeric but out of bounds [1, 1] at: [1]"
"326","noaa-tree-15346.xml","./data_files/treering/measurements/asia/russ230.rwl","missing values in 'row.names' are not allowed"
"327","noaa-tree-15347.xml","./data_files/treering/measurements/asia/russ231.rwl","missing values in 'row.names' are not allowed"
"328","noaa-tree-15348.xml","./data_files/treering/measurements/asia/russ232.rwl","missing values in 'row.names' are not allowed"
"329","noaa-tree-15349.xml","./data_files/treering/measurements/asia/russ233.rwl","missing values in 'row.names' are not allowed"
"330","noaa-tree-15351.xml","./data_files/treering/measurements/asia/russ235.rwl","missing values in 'row.names' are not allowed"
"331","noaa-tree-15369.xml","./data_files/treering/measurements/northamerica/canada/cana359.rwl","missing values in 'row.names' are not allowed"
"332","noaa-tree-15372.xml","./data_files/treering/measurements/northamerica/canada/cana362.rwl","missing values in 'row.names' are not allowed"
"333","noaa-tree-16484.xml","./data_files/treering/measurements/northamerica/usa/ca680.rwl","missing values in 'row.names' are not allowed"
"334","noaa-tree-16654.xml","./data_files/treering/measurements/europe/fran045.rwl","missing values in 'row.names' are not allowed"
"335","noaa-tree-16655.xml","./data_files/treering/measurements/europe/fran046.rwl","missing values in 'row.names' are not allowed"
"336","noaa-tree-16769.xml","./data_files/treering/measurements/northamerica/usa/nd009.rwl","missing values in 'row.names' are not allowed"
"337","noaa-tree-16772.xml","./data_files/treering/measurements/northamerica/usa/nd012.rwl","missing values in 'row.names' are not allowed"
"338","noaa-tree-16773.xml","./data_files/treering/measurements/asia/mong039.rwl","missing values in 'row.names' are not allowed"
"339","noaa-tree-16784.xml","./data_files/treering/measurements/europe/pola036.rwl",".SDcols is numeric but out of bounds [1, 1] at: [1]"
"340","noaa-tree-16834.xml","./data_files/treering/measurements/northamerica/usa/wy046.rwl","missing values in 'row.names' are not allowed"
"341","noaa-tree-16855.xml","./data_files/treering/measurements/europe/swit289.rwl","missing values in 'row.names' are not allowed"
"342","noaa-tree-16862.xml","./data_files/treering/measurements/europe/swit296.rwl",".SDcols is numeric but out of bounds [1, 1] at: [1]"
"343","noaa-tree-16881.xml","./data_files/treering/measurements/europe/swit313.rwl","missing values in 'row.names' are not allowed"
"344","noaa-tree-17220.xml","./data_files/treering/measurements/northamerica/usa/ar082.rwl","missing values in 'row.names' are not allowed"
"345","noaa-tree-18205.xml","./data_files/treering/measurements/asia/russ243.rwl","missing values in 'row.names' are not allowed"
"346","noaa-tree-18320.xml","./data_files/treering/measurements/asia/bt021.rwl","missing values in 'row.names' are not allowed"
"347","noaa-tree-18957.xml","./data_files/treering/measurements/australia/ausl037.rwl","missing values in 'row.names' are not allowed"
"348","noaa-tree-18959.xml","./data_files/treering/measurements/asia/chin072.rwl","missing values in 'row.names' are not allowed"
"349","noaa-tree-19259.xml","./data_files/treering/measurements/asia/chin073.rwl","missing values in 'row.names' are not allowed"
"350","noaa-tree-19615.xml","./data_files/treering/measurements/northamerica/canada/cana476.rwl","missing values in 'row.names' are not allowed"
"351","noaa-tree-19624.xml","./data_files/treering/measurements/northamerica/canada/cana485.rwl","missing values in 'row.names' are not allowed"
"352","noaa-tree-19634.xml","./data_files/treering/measurements/northamerica/canada/cana495.rwl","missing values in 'row.names' are not allowed"
"353","noaa-tree-19643.xml","./data_files/treering/measurements/northamerica/usa/ok040.rwl","missing values in 'row.names' are not allowed"
"354","noaa-tree-19644.xml","./data_files/treering/measurements/northamerica/usa/ok041.rwl","missing values in 'row.names' are not allowed"
"355","noaa-tree-19645.xml","./data_files/treering/measurements/northamerica/usa/ok042.rwl","missing values in 'row.names' are not allowed"
"356","noaa-tree-19844.xml","./data_files/treering/measurements/northamerica/canada/cana501.rwl","missing values in 'row.names' are not allowed"
"357","noaa-tree-19845.xml","./data_files/treering/measurements/northamerica/canada/cana502.rwl","missing values in 'row.names' are not allowed"
"358","noaa-tree-19850.xml","./data_files/treering/measurements/northamerica/canada/cana505.rwl","missing values in 'row.names' are not allowed"
"359","noaa-tree-19851.xml","./data_files/treering/measurements/northamerica/canada/cana506.rwl","missing values in 'row.names' are not allowed"
"360","noaa-tree-19852.xml","./data_files/treering/measurements/northamerica/canada/cana507.rwl","missing values in 'row.names' are not allowed"
"361","noaa-tree-19853.xml","./data_files/treering/measurements/northamerica/canada/cana508.rwl","missing values in 'row.names' are not allowed"
"362","noaa-tree-19854.xml","./data_files/treering/measurements/northamerica/canada/cana509.rwl","missing values in 'row.names' are not allowed"
"363","noaa-tree-19855.xml","./data_files/treering/measurements/northamerica/canada/cana510.rwl","missing values in 'row.names' are not allowed"
"364","noaa-tree-19857.xml","./data_files/treering/measurements/northamerica/canada/cana512.rwl","missing values in 'row.names' are not allowed"
"365","noaa-tree-19858.xml","./data_files/treering/measurements/northamerica/canada/cana513.rwl","missing values in 'row.names' are not allowed"
"366","noaa-tree-19859.xml","./data_files/treering/measurements/northamerica/canada/cana514.rwl","missing values in 'row.names' are not allowed"
"367","noaa-tree-19860.xml","./data_files/treering/measurements/northamerica/canada/cana515.rwl","missing values in 'row.names' are not allowed"
"368","noaa-tree-19862.xml","./data_files/treering/measurements/northamerica/canada/cana517.rwl","missing values in 'row.names' are not allowed"
"369","noaa-tree-19863.xml","./data_files/treering/measurements/northamerica/canada/cana518.rwl","missing values in 'row.names' are not allowed"
"370","noaa-tree-19865.xml","./data_files/treering/measurements/northamerica/canada/cana520.rwl","missing values in 'row.names' are not allowed"
"371","noaa-tree-19868.xml","./data_files/treering/measurements/northamerica/canada/cana523.rwl","missing values in 'row.names' are not allowed"
"372","noaa-tree-19872.xml","./data_files/treering/measurements/northamerica/canada/cana527.rwl","missing values in 'row.names' are not allowed"
"373","noaa-tree-19876.xml","./data_files/treering/measurements/europe/ital041.rwl",".SDcols is numeric but out of bounds [1, 1] at: [1]"
"374","noaa-tree-20651.xml","./data_files/treering/measurements/asia/mong040.rwl","missing values in 'row.names' are not allowed"
"375","noaa-tree-20690.xml","./data_files/treering/measurements/northamerica/usa/ar083.rwl","missing values in 'row.names' are not allowed"
"376","noaa-tree-20691.xml","./data_files/treering/measurements/australia/ausl039.rwl","missing values in 'row.names' are not allowed"
"377","noaa-tree-20696.xml","./data_files/treering/measurements/australia/ausl043.rwl","missing values in 'row.names' are not allowed"
"378","noaa-tree-20711.xml","./data_files/treering/measurements/northamerica/canada/cana531.rwl","missing values in 'row.names' are not allowed"
"379","noaa-tree-20712.xml","./data_files/treering/measurements/northamerica/canada/cana532.rwl","missing values in 'row.names' are not allowed"
"380","noaa-tree-20713.xml","./data_files/treering/measurements/northamerica/canada/cana533.rwl","missing values in 'row.names' are not allowed"
"381","noaa-tree-20714.xml","./data_files/treering/measurements/northamerica/canada/cana534.rwl","missing values in 'row.names' are not allowed"
"382","noaa-tree-20715.xml","./data_files/treering/measurements/northamerica/canada/cana535.rwl","missing values in 'row.names' are not allowed"
"383","noaa-tree-20716.xml","./data_files/treering/measurements/northamerica/canada/cana536.rwl","missing values in 'row.names' are not allowed"
"384","noaa-tree-20717.xml","./data_files/treering/measurements/northamerica/canada/cana537.rwl","missing values in 'row.names' are not allowed"
"385","noaa-tree-20730.xml","./data_files/treering/measurements/northamerica/canada/cana540.rwl","missing values in 'row.names' are not allowed"
"386","noaa-tree-20731.xml","./data_files/treering/measurements/northamerica/canada/cana541.rwl","missing values in 'row.names' are not allowed"
"387","noaa-tree-20732.xml","./data_files/treering/measurements/northamerica/canada/cana542.rwl","missing values in 'row.names' are not allowed"
"388","noaa-tree-20733.xml","./data_files/treering/measurements/northamerica/canada/cana543.rwl","missing values in 'row.names' are not allowed"
"389","noaa-tree-20734.xml","./data_files/treering/measurements/northamerica/canada/cana544.rwl","missing values in 'row.names' are not allowed"
"390","noaa-tree-20735.xml","./data_files/treering/measurements/northamerica/canada/cana545.rwl","missing values in 'row.names' are not allowed"
"391","noaa-tree-20737.xml","./data_files/treering/measurements/northamerica/canada/cana546.rwl","missing values in 'row.names' are not allowed"
"392","noaa-tree-20739.xml","./data_files/treering/measurements/northamerica/canada/cana547.rwl","missing values in 'row.names' are not allowed"
"393","noaa-tree-20740.xml","./data_files/treering/measurements/northamerica/canada/cana548.rwl","missing values in 'row.names' are not allowed"
"394","noaa-tree-20746.xml","./data_files/treering/measurements/northamerica/canada/cana553.rwl","missing values in 'row.names' are not allowed"
"395","noaa-tree-22112.xml","./data_files/treering/measurements/australia/ausl047.rwl","missing values in 'row.names' are not allowed"
"396","noaa-tree-22135.xml","./data_files/treering/measurements/northamerica/usa/az584.rwl","missing values in 'row.names' are not allowed"
"397","noaa-tree-22153.xml","./data_files/treering/measurements/northamerica/usa/az589.rwl","missing values in 'row.names' are not allowed"
"398","noaa-tree-22394.xml","./data_files/treering/measurements/asia/nepa043.rwl","missing values in 'row.names' are not allowed"
"399","noaa-tree-22396.xml","./data_files/treering/measurements/asia/nepa045.rwl","missing values in 'row.names' are not allowed"
"400","noaa-tree-22434.xml","./data_files/treering/measurements/southamerica/bol001.rwl","missing values in 'row.names' are not allowed"
"401","noaa-tree-22436.xml","./data_files/treering/measurements/southamerica/bol003.rwl","missing values in 'row.names' are not allowed"
"402","noaa-tree-22553.xml","./data_files/treering/measurements/australia/newz119.rwl","missing values in 'row.names' are not allowed"
"403","noaa-tree-22561.xml","./data_files/treering/measurements/australia/newz127.rwl","missing values in 'row.names' are not allowed"
"404","noaa-tree-23053.xml","./data_files/treering/measurements/northamerica/usa/ak157.rwl","missing values in 'row.names' are not allowed"
"405","noaa-tree-24830.xml","./data_files/treering/measurements/asia/mong041.rwl","missing values in 'row.names' are not allowed"
"406","noaa-tree-24831.xml","./data_files/treering/measurements/asia/mong042.rwl","missing values in 'row.names' are not allowed"
"407","noaa-tree-26250.xml","./data_files/treering/measurements/northamerica/usa/wa149.rwl","missing values in 'row.names' are not allowed"
"408","noaa-tree-26891.xml","./data_files/treering/measurements/northamerica/usa/wv012.rwl","missing values in 'row.names' are not allowed"
"409","noaa-tree-27076.xml","./data_files/treering/measurements/europe/ital052.rwl",".SDcols is numeric but out of bounds [1, 1] at: [1]"
"410","noaa-tree-27077.xml","./data_files/treering/measurements/europe/ital053.rwl",".SDcols is numeric but out of bounds [1, 1] at: [1]"
"411","noaa-tree-27375.xml","./data_files/treering/measurements/australia/ausl054.rwl","missing values in 'row.names' are not allowed"
"412","noaa-tree-27400.xml","./data_files/treering/measurements/northamerica/canada/cana581.rwl","missing values in 'row.names' are not allowed"
"413","noaa-tree-27403.xml","./data_files/treering/measurements/northamerica/canada/cana584.rwl","missing values in 'row.names' are not allowed"
"414","noaa-tree-27503.xml","./data_files/treering/measurements/africa/morc024.rwl","missing values in 'row.names' are not allowed"
"415","noaa-tree-27516.xml","./data_files/treering/measurements/northamerica/usa/mt142.rwl","missing values in 'row.names' are not allowed"
"416","noaa-tree-27536.xml","./data_files/treering/measurements/northamerica/usa/mt155.rwl","missing values in 'row.names' are not allowed"
"417","noaa-tree-27540.xml","./data_files/treering/measurements/northamerica/usa/mt159.rwl","missing values in 'row.names' are not allowed"
"418","noaa-tree-27574.xml","./data_files/treering/measurements/northamerica/usa/mt175.rwl","missing values in 'row.names' are not allowed"
"419","noaa-tree-27613.xml","./data_files/treering/measurements/europe/spai080.rwl","missing values in 'row.names' are not allowed"
"420","noaa-tree-28244.xml","./data_files/treering/measurements/northamerica/usa/wv028.rwl","missing values in 'row.names' are not allowed"
"421","noaa-tree-28533.xml","./data_files/treering/measurements/northamerica/usa/ca694.rwl","missing values in 'row.names' are not allowed"
"422","noaa-tree-29170.xml","./data_files/treering/measurements/northamerica/usa/ak173.rwl","missing values in 'row.names' are not allowed"
"423","noaa-tree-30413.xml","./data_files/treering/measurements/northamerica/usa/mi023.rwl","missing values in 'row.names' are not allowed"
"424","noaa-tree-30414.xml","./data_files/treering/measurements/northamerica/usa/mi024.rwl","missing values in 'row.names' are not allowed"
"425","noaa-tree-30415.xml","./data_files/treering/measurements/northamerica/usa/mi025.rwl","missing values in 'row.names' are not allowed"
"426","noaa-tree-30569.xml","./data_files/treering/measurements/northamerica/usa/in024.rwl","missing values in 'row.names' are not allowed"
"427","noaa-tree-30570.xml","./data_files/treering/measurements/northamerica/usa/in025.rwl","missing values in 'row.names' are not allowed"
"428","noaa-tree-30571.xml","./data_files/treering/measurements/northamerica/usa/in026.rwl","missing values in 'row.names' are not allowed"
"429","noaa-tree-30578.xml","./data_files/treering/measurements/northamerica/usa/mo079.rwl","missing values in 'row.names' are not allowed"
"430","noaa-tree-30579.xml","./data_files/treering/measurements/northamerica/usa/mo080.rwl","missing values in 'row.names' are not allowed"
"431","noaa-tree-30873.xml","./data_files/treering/measurements/northamerica/usa/ca699.rwl","missing values in 'row.names' are not allowed"
"432","noaa-tree-30874.xml","./data_files/treering/measurements/northamerica/usa/ca700.rwl","missing values in 'row.names' are not allowed"
"433","noaa-tree-30875.xml","./data_files/treering/measurements/northamerica/usa/ca701.rwl","missing values in 'row.names' are not allowed"
"434","noaa-tree-30876.xml","./data_files/treering/measurements/northamerica/usa/ca702.rwl","missing values in 'row.names' are not allowed"
"435","noaa-tree-31416.xml","./data_files/treering/measurements/australia/ausl058.rwl","missing values in 'row.names' are not allowed"
"436","noaa-tree-31417.xml","./data_files/treering/measurements/australia/ausl059.rwl","missing values in 'row.names' are not allowed"
"437","noaa-tree-31994.xml","./data_files/treering/measurements/northamerica/usa/ut545.rwl","missing values in 'row.names' are not allowed"
"438","noaa-tree-31995.xml","./data_files/treering/measurements/northamerica/usa/ut546.rwl","missing values in 'row.names' are not allowed"
"439","noaa-tree-31996.xml","./data_files/treering/measurements/northamerica/usa/ut547.rwl","missing values in 'row.names' are not allowed"
"440","noaa-tree-31997.xml","./data_files/treering/measurements/northamerica/usa/ut548.rwl","missing values in 'row.names' are not allowed"
"441","noaa-tree-32564.xml","./data_files/treering/measurements/northamerica/usa/ak187.rwl","missing values in 'row.names' are not allowed"
"442","noaa-tree-32592.xml","./data_files/treering/measurements/northamerica/canada/cana615.rwl","missing values in 'row.names' are not allowed"
"443","noaa-tree-32593.xml","./data_files/treering/measurements/northamerica/canada/cana616.rwl","missing values in 'row.names' are not allowed"
"444","noaa-tree-32594.xml","./data_files/treering/measurements/northamerica/canada/cana617.rwl","missing values in 'row.names' are not allowed"
"445","noaa-tree-32595.xml","./data_files/treering/measurements/northamerica/canada/cana618.rwl","missing values in 'row.names' are not allowed"
"446","noaa-tree-32596.xml","./data_files/treering/measurements/northamerica/canada/cana619.rwl","missing values in 'row.names' are not allowed"
"447","noaa-tree-32597.xml","./data_files/treering/measurements/northamerica/canada/cana620.rwl","missing values in 'row.names' are not allowed"
"448","noaa-tree-32598.xml","./data_files/treering/measurements/northamerica/canada/cana621.rwl","missing values in 'row.names' are not allowed"
"449","noaa-tree-32599.xml","./data_files/treering/measurements/northamerica/canada/cana622.rwl","missing values in 'row.names' are not allowed"
"450","noaa-tree-32600.xml","./data_files/treering/measurements/northamerica/canada/cana623.rwl","missing values in 'row.names' are not allowed"
"451","noaa-tree-32601.xml","./data_files/treering/measurements/northamerica/canada/cana624.rwl","missing values in 'row.names' are not allowed"
"452","noaa-tree-32602.xml","./data_files/treering/measurements/northamerica/canada/cana625.rwl","missing values in 'row.names' are not allowed"
"453","noaa-tree-32603.xml","./data_files/treering/measurements/northamerica/canada/cana626.rwl","missing values in 'row.names' are not allowed"
"454","noaa-tree-32604.xml","./data_files/treering/measurements/northamerica/canada/cana627.rwl","missing values in 'row.names' are not allowed"
"455","noaa-tree-32605.xml","./data_files/treering/measurements/northamerica/canada/cana628.rwl","missing values in 'row.names' are not allowed"
"456","noaa-tree-32606.xml","./data_files/treering/measurements/northamerica/canada/cana629.rwl","missing values in 'row.names' are not allowed"
"457","noaa-tree-32607.xml","./data_files/treering/measurements/northamerica/canada/cana630.rwl","missing values in 'row.names' are not allowed"
"458","noaa-tree-32608.xml","./data_files/treering/measurements/northamerica/canada/cana631.rwl","missing values in 'row.names' are not allowed"
"459","noaa-tree-32609.xml","./data_files/treering/measurements/northamerica/canada/cana632.rwl","missing values in 'row.names' are not allowed"
"460","noaa-tree-32610.xml","./data_files/treering/measurements/northamerica/canada/cana633.rwl","missing values in 'row.names' are not allowed"
"461","noaa-tree-32611.xml","./data_files/treering/measurements/northamerica/canada/cana634.rwl","missing values in 'row.names' are not allowed"
"462","noaa-tree-32772.xml","./data_files/treering/measurements/asia/chin084.rwl","missing values in 'row.names' are not allowed"
"463","noaa-tree-32773.xml","./data_files/treering/measurements/asia/chin085.rwl","missing values in 'row.names' are not allowed"
"464","noaa-tree-33032.xml","./data_files/treering/measurements/europe/swit384.rwl",".SDcols is numeric but out of bounds [1, 1] at: [1]"
"465","noaa-tree-33033.xml","./data_files/treering/measurements/europe/swit385.rwl",".SDcols is numeric but out of bounds [1, 1] at: [1]"
"466","noaa-tree-33615.xml","./data_files/treering/measurements/asia/mong043b.rwl","missing values in 'row.names' are not allowed"
"467","noaa-tree-34178.xml","./data_files/treering/measurements/europe/finl084.rwl","missing values in 'row.names' are not allowed"
"468","noaa-tree-34677.xml","./data_files/treering/measurements/northamerica/usa/va045.rwl","missing values in 'row.names' are not allowed"
"469","noaa-tree-34755.xml","./data_files/treering/measurements/europe/czec014.rwl",".SDcols is numeric but out of bounds [1, 1] at: [1]"
"470","noaa-tree-34757.xml","./data_files/treering/measurements/northamerica/usa/pa020.rwl","missing values in 'row.names' are not allowed"
"471","noaa-tree-34836.xml","./data_files/treering/measurements/europe/czec018.rwl",".SDcols is numeric but out of bounds [1, 1] at: [1]"
"472","noaa-tree-35019.xml","./data_files/treering/measurements/northamerica/canada/cana645.rwl","missing values in 'row.names' are not allowed"
"473","noaa-tree-35020.xml","./data_files/treering/measurements/northamerica/canada/cana646.rwl","missing values in 'row.names' are not allowed"
"474","noaa-tree-35413.xml","./data_files/treering/measurements/northamerica/usa/ut556.rwl","missing values in 'row.names' are not allowed"
"475","noaa-tree-35493.xml","./data_files/treering/measurements/northamerica/usa/az610.rwl","missing values in 'row.names' are not allowed"
"476","noaa-tree-35494.xml","./data_files/treering/measurements/northamerica/usa/az611.rwl","missing values in 'row.names' are not allowed"
"477","noaa-tree-35495.xml","./data_files/treering/measurements/northamerica/usa/az612.rwl","missing values in 'row.names' are not allowed"
"478","noaa-tree-35496.xml","./data_files/treering/measurements/northamerica/usa/az613.rwl","missing values in 'row.names' are not allowed"
"479","noaa-tree-35497.xml","./data_files/treering/measurements/northamerica/usa/az614.rwl","missing values in 'row.names' are not allowed"
"480","noaa-tree-35498.xml","./data_files/treering/measurements/northamerica/usa/az615.rwl","missing values in 'row.names' are not allowed"
"481","noaa-tree-35499.xml","./data_files/treering/measurements/northamerica/usa/az616.rwl","missing values in 'row.names' are not allowed"
"482","noaa-tree-35500.xml","./data_files/treering/measurements/northamerica/usa/co681.rwl","missing values in 'row.names' are not allowed"
"483","noaa-tree-35501.xml","./data_files/treering/measurements/northamerica/usa/co682.rwl","missing values in 'row.names' are not allowed"
"484","noaa-tree-35502.xml","./data_files/treering/measurements/northamerica/usa/co683.rwl","missing values in 'row.names' are not allowed"
"485","noaa-tree-35503.xml","./data_files/treering/measurements/northamerica/usa/co684.rwl","missing values in 'row.names' are not allowed"
"486","noaa-tree-35504.xml","./data_files/treering/measurements/northamerica/usa/co685.rwl","missing values in 'row.names' are not allowed"
"487","noaa-tree-35505.xml","./data_files/treering/measurements/northamerica/usa/co686.rwl","missing values in 'row.names' are not allowed"
"488","noaa-tree-35506.xml","./data_files/treering/measurements/northamerica/usa/nm620.rwl","missing values in 'row.names' are not allowed"
"489","noaa-tree-35507.xml","./data_files/treering/measurements/northamerica/usa/nm621.rwl","missing values in 'row.names' are not allowed"
"490","noaa-tree-35508.xml","./data_files/treering/measurements/northamerica/usa/nm622.rwl","missing values in 'row.names' are not allowed"
"491","noaa-tree-35509.xml","./data_files/treering/measurements/northamerica/usa/nm623.rwl","missing values in 'row.names' are not allowed"
"492","noaa-tree-35510.xml","./data_files/treering/measurements/northamerica/usa/nm624.rwl","missing values in 'row.names' are not allowed"
"493","noaa-tree-35511.xml","./data_files/treering/measurements/northamerica/usa/nm625.rwl","missing values in 'row.names' are not allowed"
"494","noaa-tree-35512.xml","./data_files/treering/measurements/northamerica/usa/nm626.rwl","missing values in 'row.names' are not allowed"
"495","noaa-tree-35513.xml","./data_files/treering/measurements/northamerica/usa/ut557.rwl","missing values in 'row.names' are not allowed"
"496","noaa-tree-35514.xml","./data_files/treering/measurements/northamerica/usa/ut558.rwl","missing values in 'row.names' are not allowed"
"497","noaa-tree-35515.xml","./data_files/treering/measurements/northamerica/usa/ut559.rwl","missing values in 'row.names' are not allowed"
"498","noaa-tree-35516.xml","./data_files/treering/measurements/northamerica/usa/ut560.rwl","missing values in 'row.names' are not allowed"
"499","noaa-tree-35517.xml","./data_files/treering/measurements/northamerica/usa/ut561.rwl","missing values in 'row.names' are not allowed"
"500","noaa-tree-35518.xml","./data_files/treering/measurements/northamerica/usa/ut562.rwl","missing values in 'row.names' are not allowed"
"501","noaa-tree-35575.xml","./data_files/treering/measurements/asia/russ309.rwl","missing values in 'row.names' are not allowed"
"502","noaa-tree-35579.xml","./data_files/treering/measurements/asia/russ301.rwl","invalid multibyte string, element 1"
"503","noaa-tree-35593.xml","./data_files/treering/measurements/asia/russ310.rwl",".SDcols is numeric but out of bounds [1, 1] at: [1]"
"504","noaa-tree-35596.xml","./data_files/treering/measurements/asia/russ313.rwl","missing values in 'row.names' are not allowed"
"505","noaa-tree-36008.xml","./data_files/treering/measurements/southamerica/bol012.rwl","missing values in 'row.names' are not allowed"
"506","noaa-tree-36009.xml","./data_files/treering/measurements/southamerica/bol013.rwl","missing values in 'row.names' are not allowed"
"507","noaa-tree-36043.xml","./data_files/treering/measurements/northamerica/usa/fl010.rwl","missing values in 'row.names' are not allowed"
"508","noaa-tree-36062.xml","./data_files/treering/measurements/southamerica/bol019.rwl","missing values in 'row.names' are not allowed"
"509","noaa-tree-36077.xml","./data_files/treering/measurements/asia/chn086.rwl","missing values in 'row.names' are not allowed"
"510","noaa-tree-36326.xml","./data_files/treering/measurements/asia/rus328.rwl","missing values in 'row.names' are not allowed"
"511","noaa-tree-36339.xml","./data_files/treering/measurements/asia/rus341.rwl","missing values in 'row.names' are not allowed"
"512","noaa-tree-36351.xml","./data_files/treering/measurements/asia/rus353.rwl","missing values in 'row.names' are not allowed"
"513","noaa-tree-36375.xml","./data_files/treering/measurements/asia/rus377.rwl","missing values in 'row.names' are not allowed"
"514","noaa-tree-36385.xml","./data_files/treering/measurements/asia/rus387.rwl","missing values in 'row.names' are not allowed"
"515","noaa-tree-36386.xml","./data_files/treering/measurements/asia/rus388.rwl","missing values in 'row.names' are not allowed"
"516","noaa-tree-36431.xml","./data_files/treering/measurements/europe/deu317.rwl","missing values in 'row.names' are not allowed"
"517","noaa-tree-36432.xml","./data_files/treering/measurements/europe/deu318.rwl","missing values in 'row.names' are not allowed"
"518","noaa-tree-36516.xml","./data_files/treering/measurements/asia/bt022.rwl","missing values in 'row.names' are not allowed"
"519","noaa-tree-36943.xml","./data_files/treering/measurements/northamerica/usa/ak191.rwl","missing values in 'row.names' are not allowed"
"520","noaa-tree-37366.xml","./data_files/treering/measurements/northamerica/canada/can673.rwl","missing values in 'row.names' are not allowed"
"521","noaa-tree-37367.xml","./data_files/treering/measurements/northamerica/canada/can674.rwl","missing values in 'row.names' are not allowed"
"522","noaa-tree-37368.xml","./data_files/treering/measurements/northamerica/canada/can675.rwl","missing values in 'row.names' are not allowed"
"523","noaa-tree-37370.xml","./data_files/treering/measurements/northamerica/canada/can677.rwl","missing values in 'row.names' are not allowed"
"524","noaa-tree-37372.xml","./data_files/treering/measurements/northamerica/canada/can679.rwl","missing values in 'row.names' are not allowed"
"525","noaa-tree-37373.xml","./data_files/treering/measurements/northamerica/usa/co692.rwl","missing values in 'row.names' are not allowed"
"526","noaa-tree-37374.xml","./data_files/treering/measurements/northamerica/usa/co693.rwl","missing values in 'row.names' are not allowed"
"527","noaa-tree-37375.xml","./data_files/treering/measurements/northamerica/usa/mt177.rwl","missing values in 'row.names' are not allowed"
"528","noaa-tree-37376.xml","./data_files/treering/measurements/northamerica/usa/mt178.rwl","missing values in 'row.names' are not allowed"
"529","noaa-tree-37377.xml","./data_files/treering/measurements/northamerica/usa/nv522.rwl","missing values in 'row.names' are not allowed"
"530","noaa-tree-37381.xml","./data_files/treering/measurements/northamerica/usa/wa153.rwl","missing values in 'row.names' are not allowed"
"531","noaa-tree-37382.xml","./data_files/treering/measurements/northamerica/usa/wa154.rwl","missing values in 'row.names' are not allowed"
"532","noaa-tree-37419.xml","./data_files/treering/measurements/northamerica/usa/ak202.rwl","missing values in 'row.names' are not allowed"
"533","noaa-tree-37420.xml","./data_files/treering/measurements/northamerica/usa/ak203.rwl","missing values in 'row.names' are not allowed"
"534","noaa-tree-37424.xml","./data_files/treering/measurements/northamerica/usa/ak207.rwl","missing values in 'row.names' are not allowed"
"535","noaa-tree-37425.xml","./data_files/treering/measurements/northamerica/usa/ak208.rwl","missing values in 'row.names' are not allowed"
"536","noaa-tree-37448.xml","./data_files/treering/measurements/asia/chn088.rwl",".SDcols is numeric but out of bounds [1, 1] at: [1]"
"537","noaa-tree-37449.xml","./data_files/treering/measurements/asia/chn089.rwl",".SDcols is numeric but out of bounds [1, 1] at: [1]"
"538","noaa-tree-37621.xml","./data_files/treering/measurements/europe/che417.rwl","missing values in 'row.names' are not allowed"
"539","noaa-tree-37622.xml","./data_files/treering/measurements/europe/che418.rwl","missing values in 'row.names' are not allowed"
"540","noaa-tree-37623.xml","./data_files/treering/measurements/europe/che419.rwl","missing values in 'row.names' are not allowed"
"541","noaa-tree-37624.xml","./data_files/treering/measurements/europe/che420.rwl","missing values in 'row.names' are not allowed"
"542","noaa-tree-37625.xml","./data_files/treering/measurements/europe/che421.rwl","missing values in 'row.names' are not allowed"
"543","noaa-tree-37626.xml","./data_files/treering/measurements/europe/che422.rwl","missing values in 'row.names' are not allowed"
"544","noaa-tree-37627.xml","./data_files/treering/measurements/europe/che423.rwl","missing values in 'row.names' are not allowed"
"545","noaa-tree-38101.xml","./data_files/treering/measurements/northamerica/usa/fl014.rwl","missing values in 'row.names' are not allowed"
"546","noaa-tree-38102.xml","./data_files/treering/measurements/northamerica/usa/fl015.rwl","missing values in 'row.names' are not allowed"
"547","noaa-tree-38103.xml","./data_files/treering/measurements/northamerica/usa/fl016.rwl","missing values in 'row.names' are not allowed"
"548","noaa-tree-38104.xml","./data_files/treering/measurements/northamerica/usa/fl017.rwl","missing values in 'row.names' are not allowed"
"549","noaa-tree-38105.xml","./data_files/treering/measurements/northamerica/usa/fl018.rwl","missing values in 'row.names' are not allowed"
"550","noaa-tree-38106.xml","./data_files/treering/measurements/northamerica/usa/fl019.rwl","missing values in 'row.names' are not allowed"
"551","noaa-tree-38107.xml","./data_files/treering/measurements/northamerica/usa/fl020.rwl","missing values in 'row.names' are not allowed"
"552","noaa-tree-38108.xml","./data_files/treering/measurements/northamerica/usa/fl021.rwl","missing values in 'row.names' are not allowed"
"553","noaa-tree-38121.xml","./data_files/treering/measurements/northamerica/usa/wy071.rwl","missing values in 'row.names' are not allowed"
"554","noaa-tree-38122.xml","./data_files/treering/measurements/northamerica/usa/wy072.rwl","missing values in 'row.names' are not allowed"
"555","noaa-tree-38179.xml","./data_files/treering/measurements/northamerica/usa/oh019.rwl","missing values in 'row.names' are not allowed"
"556","noaa-tree-38186.xml","./data_files/treering/measurements/asia/rus393.rwl",".SDcols is numeric but out of bounds [1, 1] at: [1]"
"557","noaa-tree-38187.xml","./data_files/treering/measurements/asia/rus394.rwl",".SDcols is numeric but out of bounds [1, 1] at: [1]"
"558","noaa-tree-38214.xml","./data_files/treering/measurements/northamerica/usa/or111.rwl","missing values in 'row.names' are not allowed"
"559","noaa-tree-38219.xml","./data_files/treering/measurements/northamerica/usa/or116.rwl","missing values in 'row.names' are not allowed"
"560","noaa-tree-38246.xml","./data_files/treering/measurements/northamerica/usa/az624.rwl",".SDcols is numeric but out of bounds [1, 1] at: [1]"
"561","noaa-tree-38389.xml","./data_files/treering/measurements/europe/ita065.rwl","missing value where TRUE/FALSE needed"
"562","noaa-tree-38860.xml","./data_files/treering/measurements/northamerica/usa/ut576.rwl","missing values in 'row.names' are not allowed"
"563","noaa-tree-38879.xml","./data_files/treering/measurements/northamerica/canada/can683.rwl",".SDcols is numeric but out of bounds [1, 1] at: [1]"
"564","noaa-tree-38880.xml","./data_files/treering/measurements/northamerica/canada/can684.rwl",".SDcols is numeric but out of bounds [1, 1] at: [1]"
"565","noaa-tree-38881.xml","./data_files/treering/measurements/northamerica/canada/can685.rwl",".SDcols is numeric but out of bounds [1, 1] at: [1]"
"566","noaa-tree-38882.xml","./data_files/treering/measurements/northamerica/canada/can686.rwl",".SDcols is numeric but out of bounds [1, 1] at: [1]"
"567","noaa-tree-38883.xml","./data_files/treering/measurements/northamerica/canada/can687.rwl",".SDcols is numeric but out of bounds [1, 1] at: [1]"
"568","noaa-tree-38884.xml","./data_files/treering/measurements/northamerica/canada/can688.rwl",".SDcols is numeric but out of bounds [1, 1] at: [1]"
"569","noaa-tree-38885.xml","./data_files/treering/measurements/northamerica/canada/can689.rwl",".SDcols is numeric but out of bounds [1, 1] at: [1]"
"570","noaa-tree-38886.xml","./data_files/treering/measurements/northamerica/canada/can690.rwl",".SDcols is numeric but out of bounds [1, 1] at: [1]"
"571","noaa-tree-38887.xml","./data_files/treering/measurements/northamerica/canada/can691.rwl",".SDcols is numeric but out of bounds [1, 1] at: [1]"
"572","noaa-tree-38888.xml","./data_files/treering/measurements/northamerica/canada/can692.rwl",".SDcols is numeric but out of bounds [1, 1] at: [1]"
"573","noaa-tree-38889.xml","./data_files/treering/measurements/northamerica/canada/can693.rwl",".SDcols is numeric but out of bounds [1, 1] at: [1]"
"574","noaa-tree-39041.xml","./data_files/treering/measurements/northamerica/usa/ca730.rwl","missing values in 'row.names' are not allowed"
"575","noaa-tree-39042.xml","./data_files/treering/measurements/northamerica/usa/ca731.rwl","missing values in 'row.names' are not allowed"
"576","noaa-tree-39044.xml","./data_files/treering/measurements/northamerica/usa/ca733.rwl","missing values in 'row.names' are not allowed"
"577","noaa-tree-39239.xml","./data_files/treering/measurements/africa/dza004.rwl","missing value where TRUE/FALSE needed"
"578","noaa-tree-39240.xml","./data_files/treering/measurements/africa/dza005.rwl","missing value where TRUE/FALSE needed"
"579","noaa-tree-39248.xml","./data_files/treering/measurements/africa/dza013.rwl","missing value where TRUE/FALSE needed"
"580","noaa-tree-39252.xml","./data_files/treering/measurements/africa/dza017.rwl","missing value where TRUE/FALSE needed"
"581","noaa-tree-39253.xml","./data_files/treering/measurements/africa/dza018.rwl","missing value where TRUE/FALSE needed"
"582","noaa-tree-39256.xml","./data_files/treering/measurements/africa/dza021.rwl","missing value where TRUE/FALSE needed"
"583","noaa-tree-39259.xml","./data_files/treering/measurements/africa/dza024.rwl","missing value where TRUE/FALSE needed"
"584","noaa-tree-39272.xml","./data_files/treering/measurements/europe/esp088.rwl","missing value where TRUE/FALSE needed"
"585","noaa-tree-39273.xml","./data_files/treering/measurements/europe/esp089.rwl","missing value where TRUE/FALSE needed"
"586","noaa-tree-39280.xml","./data_files/treering/measurements/europe/ita068.rwl","missing value where TRUE/FALSE needed"
"587","noaa-tree-39281.xml","./data_files/treering/measurements/europe/ita069.rwl","missing value where TRUE/FALSE needed"
"588","noaa-tree-39282.xml","./data_files/treering/measurements/europe/ita070.rwl","missing value where TRUE/FALSE needed"
"589","noaa-tree-39283.xml","./data_files/treering/measurements/europe/ita071.rwl","missing value where TRUE/FALSE needed"
"590","noaa-tree-39287.xml","./data_files/treering/measurements/africa/mar029.rwl","missing value where TRUE/FALSE needed"
"591","noaa-tree-39291.xml","./data_files/treering/measurements/africa/mar033.rwl","missing value where TRUE/FALSE needed"
